"crime","neighbourhood","incidents","year"
"Arson","Al Ritchie",7,2015
"Assault","Al Ritchie",78,2015
"Attempt Murder","Al Ritchie",1,2015
"B&E (Business)","Al Ritchie",5,2015
"B&E (Garage)","Al Ritchie",51,2015
"B&E (Other)","Al Ritchie",4,2015
"B&E (Residence)","Al Ritchie",33,2015
"B&E Motor Vehicle Firearms","Al Ritchie",0,2015
"Commodification of Sexual Activity","Al Ritchie",0,2015
"Controlled Drugs","Al Ritchie",24,2015
"Crimes Against Property(2150-2166)","Al Ritchie",33,2015
"Dangerous Operation","Al Ritchie",8,2015
"Deprivation of Freedom","Al Ritchie",2,2015
"HWY Traffic Violation","Al Ritchie",93,2015
"Impaired Operation","Al Ritchie",19,2015
"Mischief","Al Ritchie",139,2015
"Municipal ByLaws","Al Ritchie",8,2015
"Offensive Weapons","Al Ritchie",6,2015
"Other Crminal Code Traffic","Al Ritchie",8,2015
"Other Federal Statute Violations","Al Ritchie",8,2015
"Other Theft Over","Al Ritchie",2,2015
"Other Theft Under","Al Ritchie",72,2015
"OtherCriminalCode (A)","Al Ritchie",88,2015
"OtherCriminalCode (B)","Al Ritchie",8,2015
"Prostitution","Al Ritchie",0,2015
"Provincial Statutes","Al Ritchie",79,2015
"Sexual Assault","Al Ritchie",8,2015
"Shoplift Over","Al Ritchie",0,2015
"Shoplift Under","Al Ritchie",11,2015
"Special Inq(8510-8640)","Al Ritchie",497,2015
"Special Inq(8660-8814)","Al Ritchie",249,2015
"Str Racing Offences","Al Ritchie",0,2015
"Theft From Auto Over","Al Ritchie",0,2015
"Theft From Auto Under","Al Ritchie",108,2015
"Theft of Motor Vehicle VA, VT","Al Ritchie",54,2015
"Theft of Other Vehicle VM, VO","Al Ritchie",4,2015
"Violation Causing Death","Al Ritchie",0,2015
"Violence/Threat","Al Ritchie",26,2015
"Total","Al Ritchie",1733,2015
"Arson","Albert Park",2,2015
"Assault","Albert Park",50,2015
"Attempt Murder","Albert Park",1,2015
"B&E (Business)","Albert Park",11,2015
"B&E (Garage)","Albert Park",9,2015
"B&E (Other)","Albert Park",18,2015
"B&E (Residence)","Albert Park",26,2015
"B&E Motor Vehicle Firearms","Albert Park",3,2015
"Commodification of Sexual Activity","Albert Park",0,2015
"Controlled Drugs","Albert Park",30,2015
"Crimes Against Property(2150-2166)","Albert Park",76,2015
"Dangerous Operation","Albert Park",13,2015
"Deprivation of Freedom","Albert Park",0,2015
"HWY Traffic Violation","Albert Park",303,2015
"Impaired Operation","Albert Park",25,2015
"Mischief","Albert Park",136,2015
"Municipal ByLaws","Albert Park",5,2015
"Offensive Weapons","Albert Park",17,2015
"Other Crminal Code Traffic","Albert Park",19,2015
"Other Federal Statute Violations","Albert Park",3,2015
"Other Theft Over","Albert Park",5,2015
"Other Theft Under","Albert Park",125,2015
"OtherCriminalCode (A)","Albert Park",89,2015
"OtherCriminalCode (B)","Albert Park",14,2015
"Prostitution","Albert Park",0,2015
"Provincial Statutes","Albert Park",56,2015
"Sexual Assault","Albert Park",4,2015
"Shoplift Over","Albert Park",0,2015
"Shoplift Under","Albert Park",172,2015
"Special Inq(8510-8640)","Albert Park",472,2015
"Special Inq(8660-8814)","Albert Park",363,2015
"Str Racing Offences","Albert Park",0,2015
"Theft From Auto Over","Albert Park",0,2015
"Theft From Auto Under","Albert Park",118,2015
"Theft of Motor Vehicle VA, VT","Albert Park",37,2015
"Theft of Other Vehicle VM, VO","Albert Park",1,2015
"Violation Causing Death","Albert Park",0,2015
"Violence/Threat","Albert Park",19,2015
"Total","Albert Park",2222,2015
"Arson","Argyle Park",0,2015
"Assault","Argyle Park",15,2015
"Attempt Murder","Argyle Park",0,2015
"B&E (Business)","Argyle Park",1,2015
"B&E (Garage)","Argyle Park",6,2015
"B&E (Other)","Argyle Park",1,2015
"B&E (Residence)","Argyle Park",8,2015
"B&E Motor Vehicle Firearms","Argyle Park",0,2015
"Commodification of Sexual Activity","Argyle Park",0,2015
"Controlled Drugs","Argyle Park",12,2015
"Crimes Against Property(2150-2166)","Argyle Park",32,2015
"Dangerous Operation","Argyle Park",3,2015
"Deprivation of Freedom","Argyle Park",0,2015
"HWY Traffic Violation","Argyle Park",107,2015
"Impaired Operation","Argyle Park",12,2015
"Mischief","Argyle Park",51,2015
"Municipal ByLaws","Argyle Park",2,2015
"Offensive Weapons","Argyle Park",6,2015
"Other Crminal Code Traffic","Argyle Park",8,2015
"Other Federal Statute Violations","Argyle Park",2,2015
"Other Theft Over","Argyle Park",1,2015
"Other Theft Under","Argyle Park",22,2015
"OtherCriminalCode (A)","Argyle Park",57,2015
"OtherCriminalCode (B)","Argyle Park",3,2015
"Prostitution","Argyle Park",0,2015
"Provincial Statutes","Argyle Park",6,2015
"Sexual Assault","Argyle Park",2,2015
"Shoplift Over","Argyle Park",0,2015
"Shoplift Under","Argyle Park",150,2015
"Special Inq(8510-8640)","Argyle Park",188,2015
"Special Inq(8660-8814)","Argyle Park",118,2015
"Str Racing Offences","Argyle Park",0,2015
"Theft From Auto Over","Argyle Park",1,2015
"Theft From Auto Under","Argyle Park",49,2015
"Theft of Motor Vehicle VA, VT","Argyle Park",16,2015
"Theft of Other Vehicle VM, VO","Argyle Park",1,2015
"Violation Causing Death","Argyle Park",0,2015
"Violence/Threat","Argyle Park",7,2015
"Total","Argyle Park",887,2015
"Arson","Boothill",1,2015
"Assault","Boothill",14,2015
"Attempt Murder","Boothill",0,2015
"B&E (Business)","Boothill",0,2015
"B&E (Garage)","Boothill",16,2015
"B&E (Other)","Boothill",0,2015
"B&E (Residence)","Boothill",7,2015
"B&E Motor Vehicle Firearms","Boothill",0,2015
"Commodification of Sexual Activity","Boothill",0,2015
"Controlled Drugs","Boothill",4,2015
"Crimes Against Property(2150-2166)","Boothill",5,2015
"Dangerous Operation","Boothill",1,2015
"Deprivation of Freedom","Boothill",0,2015
"HWY Traffic Violation","Boothill",16,2015
"Impaired Operation","Boothill",2,2015
"Mischief","Boothill",19,2015
"Municipal ByLaws","Boothill",2,2015
"Offensive Weapons","Boothill",0,2015
"Other Crminal Code Traffic","Boothill",4,2015
"Other Federal Statute Violations","Boothill",2,2015
"Other Theft Over","Boothill",1,2015
"Other Theft Under","Boothill",10,2015
"OtherCriminalCode (A)","Boothill",10,2015
"OtherCriminalCode (B)","Boothill",1,2015
"Prostitution","Boothill",0,2015
"Provincial Statutes","Boothill",3,2015
"Sexual Assault","Boothill",1,2015
"Shoplift Over","Boothill",0,2015
"Shoplift Under","Boothill",0,2015
"Special Inq(8510-8640)","Boothill",74,2015
"Special Inq(8660-8814)","Boothill",52,2015
"Str Racing Offences","Boothill",0,2015
"Theft From Auto Over","Boothill",1,2015
"Theft From Auto Under","Boothill",34,2015
"Theft of Motor Vehicle VA, VT","Boothill",13,2015
"Theft of Other Vehicle VM, VO","Boothill",1,2015
"Violation Causing Death","Boothill",0,2015
"Violence/Threat","Boothill",2,2015
"Total","Boothill",296,2015
"Arson","Cathedral",4,2015
"Assault","Cathedral",56,2015
"Attempt Murder","Cathedral",0,2015
"B&E (Business)","Cathedral",6,2015
"B&E (Garage)","Cathedral",75,2015
"B&E (Other)","Cathedral",4,2015
"B&E (Residence)","Cathedral",38,2015
"B&E Motor Vehicle Firearms","Cathedral",0,2015
"Commodification of Sexual Activity","Cathedral",0,2015
"Controlled Drugs","Cathedral",28,2015
"Crimes Against Property(2150-2166)","Cathedral",60,2015
"Dangerous Operation","Cathedral",18,2015
"Deprivation of Freedom","Cathedral",1,2015
"HWY Traffic Violation","Cathedral",151,2015
"Impaired Operation","Cathedral",46,2015
"Mischief","Cathedral",194,2015
"Municipal ByLaws","Cathedral",10,2015
"Offensive Weapons","Cathedral",20,2015
"Other Crminal Code Traffic","Cathedral",14,2015
"Other Federal Statute Violations","Cathedral",5,2015
"Other Theft Over","Cathedral",0,2015
"Other Theft Under","Cathedral",94,2015
"OtherCriminalCode (A)","Cathedral",132,2015
"OtherCriminalCode (B)","Cathedral",18,2015
"Prostitution","Cathedral",0,2015
"Provincial Statutes","Cathedral",90,2015
"Sexual Assault","Cathedral",4,2015
"Shoplift Over","Cathedral",0,2015
"Shoplift Under","Cathedral",55,2015
"Special Inq(8510-8640)","Cathedral",371,2015
"Special Inq(8660-8814)","Cathedral",375,2015
"Str Racing Offences","Cathedral",0,2015
"Theft From Auto Over","Cathedral",2,2015
"Theft From Auto Under","Cathedral",111,2015
"Theft of Motor Vehicle VA, VT","Cathedral",58,2015
"Theft of Other Vehicle VM, VO","Cathedral",1,2015
"Violation Causing Death","Cathedral",0,2015
"Violence/Threat","Cathedral",20,2015
"Total","Cathedral",2061,2015
"Arson","Centre Square",1,2015
"Assault","Centre Square",40,2015
"Attempt Murder","Centre Square",0,2015
"B&E (Business)","Centre Square",1,2015
"B&E (Garage)","Centre Square",4,2015
"B&E (Other)","Centre Square",3,2015
"B&E (Residence)","Centre Square",15,2015
"B&E Motor Vehicle Firearms","Centre Square",0,2015
"Commodification of Sexual Activity","Centre Square",0,2015
"Controlled Drugs","Centre Square",6,2015
"Crimes Against Property(2150-2166)","Centre Square",18,2015
"Dangerous Operation","Centre Square",8,2015
"Deprivation of Freedom","Centre Square",1,2015
"HWY Traffic Violation","Centre Square",80,2015
"Impaired Operation","Centre Square",21,2015
"Mischief","Centre Square",69,2015
"Municipal ByLaws","Centre Square",5,2015
"Offensive Weapons","Centre Square",10,2015
"Other Crminal Code Traffic","Centre Square",6,2015
"Other Federal Statute Violations","Centre Square",4,2015
"Other Theft Over","Centre Square",1,2015
"Other Theft Under","Centre Square",53,2015
"OtherCriminalCode (A)","Centre Square",59,2015
"OtherCriminalCode (B)","Centre Square",3,2015
"Prostitution","Centre Square",0,2015
"Provincial Statutes","Centre Square",89,2015
"Sexual Assault","Centre Square",4,2015
"Shoplift Over","Centre Square",0,2015
"Shoplift Under","Centre Square",15,2015
"Special Inq(8510-8640)","Centre Square",222,2015
"Special Inq(8660-8814)","Centre Square",142,2015
"Str Racing Offences","Centre Square",0,2015
"Theft From Auto Over","Centre Square",0,2015
"Theft From Auto Under","Centre Square",28,2015
"Theft of Motor Vehicle VA, VT","Centre Square",27,2015
"Theft of Other Vehicle VM, VO","Centre Square",0,2015
"Violation Causing Death","Centre Square",0,2015
"Violence/Threat","Centre Square",15,2015
"Total","Centre Square",950,2015
"Arson","Core Group",7,2015
"Assault","Core Group",167,2015
"Attempt Murder","Core Group",1,2015
"B&E (Business)","Core Group",11,2015
"B&E (Garage)","Core Group",16,2015
"B&E (Other)","Core Group",4,2015
"B&E (Residence)","Core Group",45,2015
"B&E Motor Vehicle Firearms","Core Group",0,2015
"Commodification of Sexual Activity","Core Group",0,2015
"Controlled Drugs","Core Group",45,2015
"Crimes Against Property(2150-2166)","Core Group",103,2015
"Dangerous Operation","Core Group",22,2015
"Deprivation of Freedom","Core Group",2,2015
"HWY Traffic Violation","Core Group",243,2015
"Impaired Operation","Core Group",38,2015
"Mischief","Core Group",146,2015
"Municipal ByLaws","Core Group",8,2015
"Offensive Weapons","Core Group",40,2015
"Other Crminal Code Traffic","Core Group",24,2015
"Other Federal Statute Violations","Core Group",92,2015
"Other Theft Over","Core Group",1,2015
"Other Theft Under","Core Group",121,2015
"OtherCriminalCode (A)","Core Group",598,2015
"OtherCriminalCode (B)","Core Group",19,2015
"Prostitution","Core Group",0,2015
"Provincial Statutes","Core Group",623,2015
"Sexual Assault","Core Group",7,2015
"Shoplift Over","Core Group",0,2015
"Shoplift Under","Core Group",23,2015
"Special Inq(8510-8640)","Core Group",1353,2015
"Special Inq(8660-8814)","Core Group",387,2015
"Str Racing Offences","Core Group",0,2015
"Theft From Auto Over","Core Group",1,2015
"Theft From Auto Under","Core Group",73,2015
"Theft of Motor Vehicle VA, VT","Core Group",51,2015
"Theft of Other Vehicle VM, VO","Core Group",0,2015
"Violation Causing Death","Core Group",1,2015
"Violence/Threat","Core Group",54,2015
"Total","Core Group",4326,2015
"Arson","Coronation Park",3,2015
"Assault","Coronation Park",68,2015
"Attempt Murder","Coronation Park",0,2015
"B&E (Business)","Coronation Park",6,2015
"B&E (Garage)","Coronation Park",23,2015
"B&E (Other)","Coronation Park",9,2015
"B&E (Residence)","Coronation Park",18,2015
"B&E Motor Vehicle Firearms","Coronation Park",0,2015
"Commodification of Sexual Activity","Coronation Park",0,2015
"Controlled Drugs","Coronation Park",33,2015
"Crimes Against Property(2150-2166)","Coronation Park",46,2015
"Dangerous Operation","Coronation Park",22,2015
"Deprivation of Freedom","Coronation Park",0,2015
"HWY Traffic Violation","Coronation Park",190,2015
"Impaired Operation","Coronation Park",63,2015
"Mischief","Coronation Park",111,2015
"Municipal ByLaws","Coronation Park",5,2015
"Offensive Weapons","Coronation Park",23,2015
"Other Crminal Code Traffic","Coronation Park",29,2015
"Other Federal Statute Violations","Coronation Park",4,2015
"Other Theft Over","Coronation Park",1,2015
"Other Theft Under","Coronation Park",77,2015
"OtherCriminalCode (A)","Coronation Park",114,2015
"OtherCriminalCode (B)","Coronation Park",11,2015
"Prostitution","Coronation Park",0,2015
"Provincial Statutes","Coronation Park",84,2015
"Sexual Assault","Coronation Park",6,2015
"Shoplift Over","Coronation Park",0,2015
"Shoplift Under","Coronation Park",62,2015
"Special Inq(8510-8640)","Coronation Park",440,2015
"Special Inq(8660-8814)","Coronation Park",417,2015
"Str Racing Offences","Coronation Park",0,2015
"Theft From Auto Over","Coronation Park",1,2015
"Theft From Auto Under","Coronation Park",87,2015
"Theft of Motor Vehicle VA, VT","Coronation Park",35,2015
"Theft of Other Vehicle VM, VO","Coronation Park",0,2015
"Violation Causing Death","Coronation Park",2,2015
"Violence/Threat","Coronation Park",18,2015
"Total","Coronation Park",2008,2015
"Arson","Dewdney East",7,2015
"Assault","Dewdney East",101,2015
"Attempt Murder","Dewdney East",1,2015
"B&E (Business)","Dewdney East",8,2015
"B&E (Garage)","Dewdney East",28,2015
"B&E (Other)","Dewdney East",6,2015
"B&E (Residence)","Dewdney East",45,2015
"B&E Motor Vehicle Firearms","Dewdney East",1,2015
"Commodification of Sexual Activity","Dewdney East",0,2015
"Controlled Drugs","Dewdney East",21,2015
"Crimes Against Property(2150-2166)","Dewdney East",48,2015
"Dangerous Operation","Dewdney East",10,2015
"Deprivation of Freedom","Dewdney East",4,2015
"HWY Traffic Violation","Dewdney East",226,2015
"Impaired Operation","Dewdney East",40,2015
"Mischief","Dewdney East",182,2015
"Municipal ByLaws","Dewdney East",8,2015
"Offensive Weapons","Dewdney East",16,2015
"Other Crminal Code Traffic","Dewdney East",17,2015
"Other Federal Statute Violations","Dewdney East",8,2015
"Other Theft Over","Dewdney East",3,2015
"Other Theft Under","Dewdney East",159,2015
"OtherCriminalCode (A)","Dewdney East",112,2015
"OtherCriminalCode (B)","Dewdney East",13,2015
"Prostitution","Dewdney East",0,2015
"Provincial Statutes","Dewdney East",68,2015
"Sexual Assault","Dewdney East",13,2015
"Shoplift Over","Dewdney East",0,2015
"Shoplift Under","Dewdney East",38,2015
"Special Inq(8510-8640)","Dewdney East",650,2015
"Special Inq(8660-8814)","Dewdney East",408,2015
"Str Racing Offences","Dewdney East",0,2015
"Theft From Auto Over","Dewdney East",2,2015
"Theft From Auto Under","Dewdney East",106,2015
"Theft of Motor Vehicle VA, VT","Dewdney East",74,2015
"Theft of Other Vehicle VM, VO","Dewdney East",5,2015
"Violation Causing Death","Dewdney East",0,2015
"Violence/Threat","Dewdney East",24,2015
"Total","Dewdney East",2452,2015
"Arson","Dieppe",2,2015
"Assault","Dieppe",12,2015
"Attempt Murder","Dieppe",0,2015
"B&E (Business)","Dieppe",2,2015
"B&E (Garage)","Dieppe",9,2015
"B&E (Other)","Dieppe",0,2015
"B&E (Residence)","Dieppe",2,2015
"B&E Motor Vehicle Firearms","Dieppe",0,2015
"Commodification of Sexual Activity","Dieppe",0,2015
"Controlled Drugs","Dieppe",1,2015
"Crimes Against Property(2150-2166)","Dieppe",2,2015
"Dangerous Operation","Dieppe",0,2015
"Deprivation of Freedom","Dieppe",0,2015
"HWY Traffic Violation","Dieppe",15,2015
"Impaired Operation","Dieppe",0,2015
"Mischief","Dieppe",10,2015
"Municipal ByLaws","Dieppe",1,2015
"Offensive Weapons","Dieppe",1,2015
"Other Crminal Code Traffic","Dieppe",0,2015
"Other Federal Statute Violations","Dieppe",0,2015
"Other Theft Over","Dieppe",0,2015
"Other Theft Under","Dieppe",21,2015
"OtherCriminalCode (A)","Dieppe",15,2015
"OtherCriminalCode (B)","Dieppe",2,2015
"Prostitution","Dieppe",0,2015
"Provincial Statutes","Dieppe",11,2015
"Sexual Assault","Dieppe",0,2015
"Shoplift Over","Dieppe",0,2015
"Shoplift Under","Dieppe",1,2015
"Special Inq(8510-8640)","Dieppe",72,2015
"Special Inq(8660-8814)","Dieppe",34,2015
"Str Racing Offences","Dieppe",0,2015
"Theft From Auto Over","Dieppe",0,2015
"Theft From Auto Under","Dieppe",11,2015
"Theft of Motor Vehicle VA, VT","Dieppe",9,2015
"Theft of Other Vehicle VM, VO","Dieppe",1,2015
"Violation Causing Death","Dieppe",0,2015
"Violence/Threat","Dieppe",1,2015
"Total","Dieppe",235,2015
"Arson","Eastview",2,2015
"Assault","Eastview",35,2015
"Attempt Murder","Eastview",0,2015
"B&E (Business)","Eastview",19,2015
"B&E (Garage)","Eastview",9,2015
"B&E (Other)","Eastview",18,2015
"B&E (Residence)","Eastview",17,2015
"B&E Motor Vehicle Firearms","Eastview",1,2015
"Commodification of Sexual Activity","Eastview",0,2015
"Controlled Drugs","Eastview",10,2015
"Crimes Against Property(2150-2166)","Eastview",17,2015
"Dangerous Operation","Eastview",12,2015
"Deprivation of Freedom","Eastview",1,2015
"HWY Traffic Violation","Eastview",87,2015
"Impaired Operation","Eastview",22,2015
"Mischief","Eastview",44,2015
"Municipal ByLaws","Eastview",4,2015
"Offensive Weapons","Eastview",5,2015
"Other Crminal Code Traffic","Eastview",3,2015
"Other Federal Statute Violations","Eastview",1,2015
"Other Theft Over","Eastview",4,2015
"Other Theft Under","Eastview",36,2015
"OtherCriminalCode (A)","Eastview",36,2015
"OtherCriminalCode (B)","Eastview",3,2015
"Prostitution","Eastview",1,2015
"Provincial Statutes","Eastview",25,2015
"Sexual Assault","Eastview",2,2015
"Shoplift Over","Eastview",0,2015
"Shoplift Under","Eastview",1,2015
"Special Inq(8510-8640)","Eastview",192,2015
"Special Inq(8660-8814)","Eastview",227,2015
"Str Racing Offences","Eastview",0,2015
"Theft From Auto Over","Eastview",0,2015
"Theft From Auto Under","Eastview",40,2015
"Theft of Motor Vehicle VA, VT","Eastview",31,2015
"Theft of Other Vehicle VM, VO","Eastview",3,2015
"Violation Causing Death","Eastview",0,2015
"Violence/Threat","Eastview",3,2015
"Total","Eastview",911,2015
"Arson","Gardiner Park",0,2015
"Assault","Gardiner Park",29,2015
"Attempt Murder","Gardiner Park",0,2015
"B&E (Business)","Gardiner Park",7,2015
"B&E (Garage)","Gardiner Park",12,2015
"B&E (Other)","Gardiner Park",20,2015
"B&E (Residence)","Gardiner Park",37,2015
"B&E Motor Vehicle Firearms","Gardiner Park",0,2015
"Commodification of Sexual Activity","Gardiner Park",1,2015
"Controlled Drugs","Gardiner Park",19,2015
"Crimes Against Property(2150-2166)","Gardiner Park",63,2015
"Dangerous Operation","Gardiner Park",9,2015
"Deprivation of Freedom","Gardiner Park",1,2015
"HWY Traffic Violation","Gardiner Park",304,2015
"Impaired Operation","Gardiner Park",20,2015
"Mischief","Gardiner Park",98,2015
"Municipal ByLaws","Gardiner Park",5,2015
"Offensive Weapons","Gardiner Park",6,2015
"Other Crminal Code Traffic","Gardiner Park",14,2015
"Other Federal Statute Violations","Gardiner Park",2,2015
"Other Theft Over","Gardiner Park",3,2015
"Other Theft Under","Gardiner Park",111,2015
"OtherCriminalCode (A)","Gardiner Park",67,2015
"OtherCriminalCode (B)","Gardiner Park",7,2015
"Prostitution","Gardiner Park",0,2015
"Provincial Statutes","Gardiner Park",47,2015
"Sexual Assault","Gardiner Park",2,2015
"Shoplift Over","Gardiner Park",0,2015
"Shoplift Under","Gardiner Park",203,2015
"Special Inq(8510-8640)","Gardiner Park",322,2015
"Special Inq(8660-8814)","Gardiner Park",247,2015
"Str Racing Offences","Gardiner Park",0,2015
"Theft From Auto Over","Gardiner Park",0,2015
"Theft From Auto Under","Gardiner Park",105,2015
"Theft of Motor Vehicle VA, VT","Gardiner Park",30,2015
"Theft of Other Vehicle VM, VO","Gardiner Park",0,2015
"Violation Causing Death","Gardiner Park",0,2015
"Violence/Threat","Gardiner Park",8,2015
"Total","Gardiner Park",1799,2015
"Arson","Gladmer Park",1,2015
"Assault","Gladmer Park",13,2015
"Attempt Murder","Gladmer Park",0,2015
"B&E (Business)","Gladmer Park",2,2015
"B&E (Garage)","Gladmer Park",0,2015
"B&E (Other)","Gladmer Park",2,2015
"B&E (Residence)","Gladmer Park",7,2015
"B&E Motor Vehicle Firearms","Gladmer Park",1,2015
"Commodification of Sexual Activity","Gladmer Park",0,2015
"Controlled Drugs","Gladmer Park",7,2015
"Crimes Against Property(2150-2166)","Gladmer Park",9,2015
"Dangerous Operation","Gladmer Park",4,2015
"Deprivation of Freedom","Gladmer Park",0,2015
"HWY Traffic Violation","Gladmer Park",31,2015
"Impaired Operation","Gladmer Park",3,2015
"Mischief","Gladmer Park",29,2015
"Municipal ByLaws","Gladmer Park",2,2015
"Offensive Weapons","Gladmer Park",2,2015
"Other Crminal Code Traffic","Gladmer Park",8,2015
"Other Federal Statute Violations","Gladmer Park",4,2015
"Other Theft Over","Gladmer Park",0,2015
"Other Theft Under","Gladmer Park",16,2015
"OtherCriminalCode (A)","Gladmer Park",27,2015
"OtherCriminalCode (B)","Gladmer Park",1,2015
"Prostitution","Gladmer Park",0,2015
"Provincial Statutes","Gladmer Park",51,2015
"Sexual Assault","Gladmer Park",1,2015
"Shoplift Over","Gladmer Park",0,2015
"Shoplift Under","Gladmer Park",42,2015
"Special Inq(8510-8640)","Gladmer Park",111,2015
"Special Inq(8660-8814)","Gladmer Park",37,2015
"Str Racing Offences","Gladmer Park",0,2015
"Theft From Auto Over","Gladmer Park",0,2015
"Theft From Auto Under","Gladmer Park",13,2015
"Theft of Motor Vehicle VA, VT","Gladmer Park",6,2015
"Theft of Other Vehicle VM, VO","Gladmer Park",0,2015
"Violation Causing Death","Gladmer Park",0,2015
"Violence/Threat","Gladmer Park",1,2015
"Total","Gladmer Park",431,2015
"Arson","Hillsdale",0,2015
"Assault","Hillsdale",28,2015
"Attempt Murder","Hillsdale",0,2015
"B&E (Business)","Hillsdale",7,2015
"B&E (Garage)","Hillsdale",8,2015
"B&E (Other)","Hillsdale",4,2015
"B&E (Residence)","Hillsdale",16,2015
"B&E Motor Vehicle Firearms","Hillsdale",0,2015
"Commodification of Sexual Activity","Hillsdale",0,2015
"Controlled Drugs","Hillsdale",12,2015
"Crimes Against Property(2150-2166)","Hillsdale",27,2015
"Dangerous Operation","Hillsdale",7,2015
"Deprivation of Freedom","Hillsdale",0,2015
"HWY Traffic Violation","Hillsdale",97,2015
"Impaired Operation","Hillsdale",10,2015
"Mischief","Hillsdale",69,2015
"Municipal ByLaws","Hillsdale",2,2015
"Offensive Weapons","Hillsdale",10,2015
"Other Crminal Code Traffic","Hillsdale",10,2015
"Other Federal Statute Violations","Hillsdale",4,2015
"Other Theft Over","Hillsdale",0,2015
"Other Theft Under","Hillsdale",50,2015
"OtherCriminalCode (A)","Hillsdale",34,2015
"OtherCriminalCode (B)","Hillsdale",4,2015
"Prostitution","Hillsdale",0,2015
"Provincial Statutes","Hillsdale",37,2015
"Sexual Assault","Hillsdale",5,2015
"Shoplift Over","Hillsdale",0,2015
"Shoplift Under","Hillsdale",12,2015
"Special Inq(8510-8640)","Hillsdale",207,2015
"Special Inq(8660-8814)","Hillsdale",155,2015
"Str Racing Offences","Hillsdale",0,2015
"Theft From Auto Over","Hillsdale",1,2015
"Theft From Auto Under","Hillsdale",61,2015
"Theft of Motor Vehicle VA, VT","Hillsdale",24,2015
"Theft of Other Vehicle VM, VO","Hillsdale",1,2015
"Violation Causing Death","Hillsdale",0,2015
"Violence/Threat","Hillsdale",17,2015
"Total","Hillsdale",919,2015
"Arson","Lakeview",3,2015
"Assault","Lakeview",29,2015
"Attempt Murder","Lakeview",0,2015
"B&E (Business)","Lakeview",5,2015
"B&E (Garage)","Lakeview",65,2015
"B&E (Other)","Lakeview",5,2015
"B&E (Residence)","Lakeview",38,2015
"B&E Motor Vehicle Firearms","Lakeview",0,2015
"Commodification of Sexual Activity","Lakeview",0,2015
"Controlled Drugs","Lakeview",28,2015
"Crimes Against Property(2150-2166)","Lakeview",32,2015
"Dangerous Operation","Lakeview",9,2015
"Deprivation of Freedom","Lakeview",1,2015
"HWY Traffic Violation","Lakeview",95,2015
"Impaired Operation","Lakeview",28,2015
"Mischief","Lakeview",103,2015
"Municipal ByLaws","Lakeview",4,2015
"Offensive Weapons","Lakeview",4,2015
"Other Crminal Code Traffic","Lakeview",10,2015
"Other Federal Statute Violations","Lakeview",4,2015
"Other Theft Over","Lakeview",1,2015
"Other Theft Under","Lakeview",51,2015
"OtherCriminalCode (A)","Lakeview",42,2015
"OtherCriminalCode (B)","Lakeview",11,2015
"Prostitution","Lakeview",0,2015
"Provincial Statutes","Lakeview",32,2015
"Sexual Assault","Lakeview",2,2015
"Shoplift Over","Lakeview",0,2015
"Shoplift Under","Lakeview",2,2015
"Special Inq(8510-8640)","Lakeview",233,2015
"Special Inq(8660-8814)","Lakeview",218,2015
"Str Racing Offences","Lakeview",0,2015
"Theft From Auto Over","Lakeview",1,2015
"Theft From Auto Under","Lakeview",105,2015
"Theft of Motor Vehicle VA, VT","Lakeview",33,2015
"Theft of Other Vehicle VM, VO","Lakeview",3,2015
"Violation Causing Death","Lakeview",0,2015
"Violence/Threat","Lakeview",7,2015
"Total","Lakeview",1204,2015
"Arson","Market Square",0,2015
"Assault","Market Square",67,2015
"Attempt Murder","Market Square",0,2015
"B&E (Business)","Market Square",4,2015
"B&E (Garage)","Market Square",0,2015
"B&E (Other)","Market Square",5,2015
"B&E (Residence)","Market Square",1,2015
"B&E Motor Vehicle Firearms","Market Square",0,2015
"Commodification of Sexual Activity","Market Square",0,2015
"Controlled Drugs","Market Square",26,2015
"Crimes Against Property(2150-2166)","Market Square",47,2015
"Dangerous Operation","Market Square",6,2015
"Deprivation of Freedom","Market Square",0,2015
"HWY Traffic Violation","Market Square",193,2015
"Impaired Operation","Market Square",35,2015
"Mischief","Market Square",76,2015
"Municipal ByLaws","Market Square",7,2015
"Offensive Weapons","Market Square",24,2015
"Other Crminal Code Traffic","Market Square",18,2015
"Other Federal Statute Violations","Market Square",127,2015
"Other Theft Over","Market Square",1,2015
"Other Theft Under","Market Square",89,2015
"OtherCriminalCode (A)","Market Square",3012,2015
"OtherCriminalCode (B)","Market Square",53,2015
"Prostitution","Market Square",0,2015
"Provincial Statutes","Market Square",1002,2015
"Sexual Assault","Market Square",7,2015
"Shoplift Over","Market Square",0,2015
"Shoplift Under","Market Square",88,2015
"Special Inq(8510-8640)","Market Square",449,2015
"Special Inq(8660-8814)","Market Square",287,2015
"Str Racing Offences","Market Square",0,2015
"Theft From Auto Over","Market Square",1,2015
"Theft From Auto Under","Market Square",26,2015
"Theft of Motor Vehicle VA, VT","Market Square",11,2015
"Theft of Other Vehicle VM, VO","Market Square",1,2015
"Violation Causing Death","Market Square",0,2015
"Violence/Threat","Market Square",28,2015
"Total","Market Square",5691,2015
"Arson","McNab",0,2015
"Assault","McNab",10,2015
"Attempt Murder","McNab",0,2015
"B&E (Business)","McNab",0,2015
"B&E (Garage)","McNab",1,2015
"B&E (Other)","McNab",0,2015
"B&E (Residence)","McNab",6,2015
"B&E Motor Vehicle Firearms","McNab",0,2015
"Commodification of Sexual Activity","McNab",0,2015
"Controlled Drugs","McNab",7,2015
"Crimes Against Property(2150-2166)","McNab",3,2015
"Dangerous Operation","McNab",3,2015
"Deprivation of Freedom","McNab",0,2015
"HWY Traffic Violation","McNab",42,2015
"Impaired Operation","McNab",10,2015
"Mischief","McNab",14,2015
"Municipal ByLaws","McNab",1,2015
"Offensive Weapons","McNab",1,2015
"Other Crminal Code Traffic","McNab",4,2015
"Other Federal Statute Violations","McNab",0,2015
"Other Theft Over","McNab",0,2015
"Other Theft Under","McNab",2,2015
"OtherCriminalCode (A)","McNab",14,2015
"OtherCriminalCode (B)","McNab",0,2015
"Prostitution","McNab",0,2015
"Provincial Statutes","McNab",12,2015
"Sexual Assault","McNab",1,2015
"Shoplift Over","McNab",0,2015
"Shoplift Under","McNab",0,2015
"Special Inq(8510-8640)","McNab",111,2015
"Special Inq(8660-8814)","McNab",95,2015
"Str Racing Offences","McNab",0,2015
"Theft From Auto Over","McNab",0,2015
"Theft From Auto Under","McNab",16,2015
"Theft of Motor Vehicle VA, VT","McNab",6,2015
"Theft of Other Vehicle VM, VO","McNab",0,2015
"Violation Causing Death","McNab",0,2015
"Violence/Threat","McNab",6,2015
"Total","McNab",365,2015
"Arson","Mount Royal",1,2015
"Assault","Mount Royal",14,2015
"Attempt Murder","Mount Royal",0,2015
"B&E (Business)","Mount Royal",1,2015
"B&E (Garage)","Mount Royal",2,2015
"B&E (Other)","Mount Royal",0,2015
"B&E (Residence)","Mount Royal",4,2015
"B&E Motor Vehicle Firearms","Mount Royal",0,2015
"Commodification of Sexual Activity","Mount Royal",0,2015
"Controlled Drugs","Mount Royal",10,2015
"Crimes Against Property(2150-2166)","Mount Royal",9,2015
"Dangerous Operation","Mount Royal",2,2015
"Deprivation of Freedom","Mount Royal",0,2015
"HWY Traffic Violation","Mount Royal",23,2015
"Impaired Operation","Mount Royal",8,2015
"Mischief","Mount Royal",30,2015
"Municipal ByLaws","Mount Royal",1,2015
"Offensive Weapons","Mount Royal",2,2015
"Other Crminal Code Traffic","Mount Royal",1,2015
"Other Federal Statute Violations","Mount Royal",5,2015
"Other Theft Over","Mount Royal",0,2015
"Other Theft Under","Mount Royal",13,2015
"OtherCriminalCode (A)","Mount Royal",49,2015
"OtherCriminalCode (B)","Mount Royal",2,2015
"Prostitution","Mount Royal",0,2015
"Provincial Statutes","Mount Royal",11,2015
"Sexual Assault","Mount Royal",1,2015
"Shoplift Over","Mount Royal",0,2015
"Shoplift Under","Mount Royal",0,2015
"Special Inq(8510-8640)","Mount Royal",106,2015
"Special Inq(8660-8814)","Mount Royal",49,2015
"Str Racing Offences","Mount Royal",0,2015
"Theft From Auto Over","Mount Royal",0,2015
"Theft From Auto Under","Mount Royal",18,2015
"Theft of Motor Vehicle VA, VT","Mount Royal",9,2015
"Theft of Other Vehicle VM, VO","Mount Royal",0,2015
"Violation Causing Death","Mount Royal",0,2015
"Violence/Threat","Mount Royal",1,2015
"Total","Mount Royal",372,2015
"Arson","Normanview",0,2015
"Assault","Normanview",14,2015
"Attempt Murder","Normanview",0,2015
"B&E (Business)","Normanview",0,2015
"B&E (Garage)","Normanview",9,2015
"B&E (Other)","Normanview",0,2015
"B&E (Residence)","Normanview",10,2015
"B&E Motor Vehicle Firearms","Normanview",0,2015
"Commodification of Sexual Activity","Normanview",0,2015
"Controlled Drugs","Normanview",11,2015
"Crimes Against Property(2150-2166)","Normanview",11,2015
"Dangerous Operation","Normanview",6,2015
"Deprivation of Freedom","Normanview",0,2015
"HWY Traffic Violation","Normanview",25,2015
"Impaired Operation","Normanview",3,2015
"Mischief","Normanview",20,2015
"Municipal ByLaws","Normanview",0,2015
"Offensive Weapons","Normanview",2,2015
"Other Crminal Code Traffic","Normanview",2,2015
"Other Federal Statute Violations","Normanview",2,2015
"Other Theft Over","Normanview",1,2015
"Other Theft Under","Normanview",21,2015
"OtherCriminalCode (A)","Normanview",23,2015
"OtherCriminalCode (B)","Normanview",5,2015
"Prostitution","Normanview",0,2015
"Provincial Statutes","Normanview",16,2015
"Sexual Assault","Normanview",0,2015
"Shoplift Over","Normanview",0,2015
"Shoplift Under","Normanview",0,2015
"Special Inq(8510-8640)","Normanview",106,2015
"Special Inq(8660-8814)","Normanview",62,2015
"Str Racing Offences","Normanview",0,2015
"Theft From Auto Over","Normanview",0,2015
"Theft From Auto Under","Normanview",26,2015
"Theft of Motor Vehicle VA, VT","Normanview",19,2015
"Theft of Other Vehicle VM, VO","Normanview",1,2015
"Violation Causing Death","Normanview",0,2015
"Violence/Threat","Normanview",4,2015
"Total","Normanview",399,2015
"Arson","Normanview West",0,2015
"Assault","Normanview West",13,2015
"Attempt Murder","Normanview West",0,2015
"B&E (Business)","Normanview West",0,2015
"B&E (Garage)","Normanview West",8,2015
"B&E (Other)","Normanview West",0,2015
"B&E (Residence)","Normanview West",9,2015
"B&E Motor Vehicle Firearms","Normanview West",0,2015
"Commodification of Sexual Activity","Normanview West",0,2015
"Controlled Drugs","Normanview West",5,2015
"Crimes Against Property(2150-2166)","Normanview West",19,2015
"Dangerous Operation","Normanview West",0,2015
"Deprivation of Freedom","Normanview West",0,2015
"HWY Traffic Violation","Normanview West",52,2015
"Impaired Operation","Normanview West",10,2015
"Mischief","Normanview West",36,2015
"Municipal ByLaws","Normanview West",0,2015
"Offensive Weapons","Normanview West",1,2015
"Other Crminal Code Traffic","Normanview West",7,2015
"Other Federal Statute Violations","Normanview West",0,2015
"Other Theft Over","Normanview West",1,2015
"Other Theft Under","Normanview West",19,2015
"OtherCriminalCode (A)","Normanview West",14,2015
"OtherCriminalCode (B)","Normanview West",1,2015
"Prostitution","Normanview West",0,2015
"Provincial Statutes","Normanview West",16,2015
"Sexual Assault","Normanview West",0,2015
"Shoplift Over","Normanview West",0,2015
"Shoplift Under","Normanview West",14,2015
"Special Inq(8510-8640)","Normanview West",101,2015
"Special Inq(8660-8814)","Normanview West",83,2015
"Str Racing Offences","Normanview West",0,2015
"Theft From Auto Over","Normanview West",0,2015
"Theft From Auto Under","Normanview West",24,2015
"Theft of Motor Vehicle VA, VT","Normanview West",9,2015
"Theft of Other Vehicle VM, VO","Normanview West",0,2015
"Violation Causing Death","Normanview West",0,2015
"Violence/Threat","Normanview West",2,2015
"Total","Normanview West",444,2015
"Arson","North Central",42,2015
"Assault","North Central",470,2015
"Attempt Murder","North Central",3,2015
"B&E (Business)","North Central",11,2015
"B&E (Garage)","North Central",66,2015
"B&E (Other)","North Central",12,2015
"B&E (Residence)","North Central",194,2015
"B&E Motor Vehicle Firearms","North Central",0,2015
"Commodification of Sexual Activity","North Central",2,2015
"Controlled Drugs","North Central",100,2015
"Crimes Against Property(2150-2166)","North Central",123,2015
"Dangerous Operation","North Central",72,2015
"Deprivation of Freedom","North Central",6,2015
"HWY Traffic Violation","North Central",582,2015
"Impaired Operation","North Central",137,2015
"Mischief","North Central",520,2015
"Municipal ByLaws","North Central",19,2015
"Offensive Weapons","North Central",158,2015
"Other Crminal Code Traffic","North Central",69,2015
"Other Federal Statute Violations","North Central",89,2015
"Other Theft Over","North Central",4,2015
"Other Theft Under","North Central",214,2015
"OtherCriminalCode (A)","North Central",721,2015
"OtherCriminalCode (B)","North Central",37,2015
"Prostitution","North Central",34,2015
"Provincial Statutes","North Central",460,2015
"Sexual Assault","North Central",30,2015
"Shoplift Over","North Central",0,2015
"Shoplift Under","North Central",34,2015
"Special Inq(8510-8640)","North Central",2209,2015
"Special Inq(8660-8814)","North Central",1072,2015
"Str Racing Offences","North Central",0,2015
"Theft From Auto Over","North Central",1,2015
"Theft From Auto Under","North Central",180,2015
"Theft of Motor Vehicle VA, VT","North Central",135,2015
"Theft of Other Vehicle VM, VO","North Central",4,2015
"Violation Causing Death","North Central",6,2015
"Violence/Threat","North Central",126,2015
"Total","North Central",7942,2015
"Arson","North East",14,2015
"Assault","North East",77,2015
"Attempt Murder","North East",2,2015
"B&E (Business)","North East",12,2015
"B&E (Garage)","North East",28,2015
"B&E (Other)","North East",10,2015
"B&E (Residence)","North East",21,2015
"B&E Motor Vehicle Firearms","North East",2,2015
"Commodification of Sexual Activity","North East",0,2015
"Controlled Drugs","North East",28,2015
"Crimes Against Property(2150-2166)","North East",53,2015
"Dangerous Operation","North East",15,2015
"Deprivation of Freedom","North East",1,2015
"HWY Traffic Violation","North East",181,2015
"Impaired Operation","North East",36,2015
"Mischief","North East",135,2015
"Municipal ByLaws","North East",9,2015
"Offensive Weapons","North East",30,2015
"Other Crminal Code Traffic","North East",16,2015
"Other Federal Statute Violations","North East",7,2015
"Other Theft Over","North East",1,2015
"Other Theft Under","North East",84,2015
"OtherCriminalCode (A)","North East",155,2015
"OtherCriminalCode (B)","North East",8,2015
"Prostitution","North East",0,2015
"Provincial Statutes","North East",88,2015
"Sexual Assault","North East",11,2015
"Shoplift Over","North East",0,2015
"Shoplift Under","North East",58,2015
"Special Inq(8510-8640)","North East",573,2015
"Special Inq(8660-8814)","North East",261,2015
"Str Racing Offences","North East",0,2015
"Theft From Auto Over","North East",0,2015
"Theft From Auto Under","North East",128,2015
"Theft of Motor Vehicle VA, VT","North East",58,2015
"Theft of Other Vehicle VM, VO","North East",3,2015
"Violation Causing Death","North East",0,2015
"Violence/Threat","North East",28,2015
"Total","North East",2133,2015
"Arson","Prairie View",0,2015
"Assault","Prairie View",14,2015
"Attempt Murder","Prairie View",0,2015
"B&E (Business)","Prairie View",0,2015
"B&E (Garage)","Prairie View",6,2015
"B&E (Other)","Prairie View",5,2015
"B&E (Residence)","Prairie View",29,2015
"B&E Motor Vehicle Firearms","Prairie View",1,2015
"Commodification of Sexual Activity","Prairie View",0,2015
"Controlled Drugs","Prairie View",2,2015
"Crimes Against Property(2150-2166)","Prairie View",21,2015
"Dangerous Operation","Prairie View",4,2015
"Deprivation of Freedom","Prairie View",1,2015
"HWY Traffic Violation","Prairie View",24,2015
"Impaired Operation","Prairie View",7,2015
"Mischief","Prairie View",46,2015
"Municipal ByLaws","Prairie View",3,2015
"Offensive Weapons","Prairie View",2,2015
"Other Crminal Code Traffic","Prairie View",1,2015
"Other Federal Statute Violations","Prairie View",0,2015
"Other Theft Over","Prairie View",1,2015
"Other Theft Under","Prairie View",12,2015
"OtherCriminalCode (A)","Prairie View",16,2015
"OtherCriminalCode (B)","Prairie View",2,2015
"Prostitution","Prairie View",0,2015
"Provincial Statutes","Prairie View",13,2015
"Sexual Assault","Prairie View",1,2015
"Shoplift Over","Prairie View",0,2015
"Shoplift Under","Prairie View",0,2015
"Special Inq(8510-8640)","Prairie View",121,2015
"Special Inq(8660-8814)","Prairie View",52,2015
"Str Racing Offences","Prairie View",0,2015
"Theft From Auto Over","Prairie View",0,2015
"Theft From Auto Under","Prairie View",61,2015
"Theft of Motor Vehicle VA, VT","Prairie View",30,2015
"Theft of Other Vehicle VM, VO","Prairie View",0,2015
"Violation Causing Death","Prairie View",0,2015
"Violence/Threat","Prairie View",5,2015
"Total","Prairie View",480,2015
"Arson","Regent Park",0,2015
"Assault","Regent Park",17,2015
"Attempt Murder","Regent Park",0,2015
"B&E (Business)","Regent Park",0,2015
"B&E (Garage)","Regent Park",8,2015
"B&E (Other)","Regent Park",0,2015
"B&E (Residence)","Regent Park",6,2015
"B&E Motor Vehicle Firearms","Regent Park",0,2015
"Commodification of Sexual Activity","Regent Park",0,2015
"Controlled Drugs","Regent Park",4,2015
"Crimes Against Property(2150-2166)","Regent Park",8,2015
"Dangerous Operation","Regent Park",4,2015
"Deprivation of Freedom","Regent Park",0,2015
"HWY Traffic Violation","Regent Park",29,2015
"Impaired Operation","Regent Park",12,2015
"Mischief","Regent Park",41,2015
"Municipal ByLaws","Regent Park",4,2015
"Offensive Weapons","Regent Park",4,2015
"Other Crminal Code Traffic","Regent Park",6,2015
"Other Federal Statute Violations","Regent Park",0,2015
"Other Theft Over","Regent Park",0,2015
"Other Theft Under","Regent Park",14,2015
"OtherCriminalCode (A)","Regent Park",16,2015
"OtherCriminalCode (B)","Regent Park",1,2015
"Prostitution","Regent Park",0,2015
"Provincial Statutes","Regent Park",16,2015
"Sexual Assault","Regent Park",3,2015
"Shoplift Over","Regent Park",0,2015
"Shoplift Under","Regent Park",0,2015
"Special Inq(8510-8640)","Regent Park",172,2015
"Special Inq(8660-8814)","Regent Park",119,2015
"Str Racing Offences","Regent Park",0,2015
"Theft From Auto Over","Regent Park",0,2015
"Theft From Auto Under","Regent Park",27,2015
"Theft of Motor Vehicle VA, VT","Regent Park",8,2015
"Theft of Other Vehicle VM, VO","Regent Park",0,2015
"Violation Causing Death","Regent Park",0,2015
"Violence/Threat","Regent Park",5,2015
"Total","Regent Park",524,2015
"Arson","Rosemont",1,2015
"Assault","Rosemont",43,2015
"Attempt Murder","Rosemont",0,2015
"B&E (Business)","Rosemont",4,2015
"B&E (Garage)","Rosemont",28,2015
"B&E (Other)","Rosemont",1,2015
"B&E (Residence)","Rosemont",15,2015
"B&E Motor Vehicle Firearms","Rosemont",0,2015
"Commodification of Sexual Activity","Rosemont",0,2015
"Controlled Drugs","Rosemont",18,2015
"Crimes Against Property(2150-2166)","Rosemont",30,2015
"Dangerous Operation","Rosemont",4,2015
"Deprivation of Freedom","Rosemont",0,2015
"HWY Traffic Violation","Rosemont",57,2015
"Impaired Operation","Rosemont",18,2015
"Mischief","Rosemont",74,2015
"Municipal ByLaws","Rosemont",2,2015
"Offensive Weapons","Rosemont",17,2015
"Other Crminal Code Traffic","Rosemont",14,2015
"Other Federal Statute Violations","Rosemont",9,2015
"Other Theft Over","Rosemont",0,2015
"Other Theft Under","Rosemont",34,2015
"OtherCriminalCode (A)","Rosemont",58,2015
"OtherCriminalCode (B)","Rosemont",6,2015
"Prostitution","Rosemont",0,2015
"Provincial Statutes","Rosemont",24,2015
"Sexual Assault","Rosemont",5,2015
"Shoplift Over","Rosemont",0,2015
"Shoplift Under","Rosemont",26,2015
"Special Inq(8510-8640)","Rosemont",325,2015
"Special Inq(8660-8814)","Rosemont",150,2015
"Str Racing Offences","Rosemont",0,2015
"Theft From Auto Over","Rosemont",0,2015
"Theft From Auto Under","Rosemont",47,2015
"Theft of Motor Vehicle VA, VT","Rosemont",23,2015
"Theft of Other Vehicle VM, VO","Rosemont",4,2015
"Violation Causing Death","Rosemont",1,2015
"Violence/Threat","Rosemont",12,2015
"Total","Rosemont",1050,2015
"Arson","Ross Industrial",0,2015
"Assault","Ross Industrial",7,2015
"Attempt Murder","Ross Industrial",0,2015
"B&E (Business)","Ross Industrial",36,2015
"B&E (Garage)","Ross Industrial",0,2015
"B&E (Other)","Ross Industrial",20,2015
"B&E (Residence)","Ross Industrial",1,2015
"B&E Motor Vehicle Firearms","Ross Industrial",0,2015
"Commodification of Sexual Activity","Ross Industrial",0,2015
"Controlled Drugs","Ross Industrial",13,2015
"Crimes Against Property(2150-2166)","Ross Industrial",27,2015
"Dangerous Operation","Ross Industrial",5,2015
"Deprivation of Freedom","Ross Industrial",1,2015
"HWY Traffic Violation","Ross Industrial",122,2015
"Impaired Operation","Ross Industrial",21,2015
"Mischief","Ross Industrial",26,2015
"Municipal ByLaws","Ross Industrial",0,2015
"Offensive Weapons","Ross Industrial",6,2015
"Other Crminal Code Traffic","Ross Industrial",8,2015
"Other Federal Statute Violations","Ross Industrial",1,2015
"Other Theft Over","Ross Industrial",3,2015
"Other Theft Under","Ross Industrial",34,2015
"OtherCriminalCode (A)","Ross Industrial",22,2015
"OtherCriminalCode (B)","Ross Industrial",7,2015
"Prostitution","Ross Industrial",0,2015
"Provincial Statutes","Ross Industrial",7,2015
"Sexual Assault","Ross Industrial",1,2015
"Shoplift Over","Ross Industrial",1,2015
"Shoplift Under","Ross Industrial",9,2015
"Special Inq(8510-8640)","Ross Industrial",54,2015
"Special Inq(8660-8814)","Ross Industrial",285,2015
"Str Racing Offences","Ross Industrial",0,2015
"Theft From Auto Over","Ross Industrial",2,2015
"Theft From Auto Under","Ross Industrial",26,2015
"Theft of Motor Vehicle VA, VT","Ross Industrial",12,2015
"Theft of Other Vehicle VM, VO","Ross Industrial",1,2015
"Violation Causing Death","Ross Industrial",0,2015
"Violence/Threat","Ross Industrial",6,2015
"Total","Ross Industrial",764,2015
"Arson","Rural",0,2015
"Assault","Rural",2,2015
"Attempt Murder","Rural",0,2015
"B&E (Business)","Rural",1,2015
"B&E (Garage)","Rural",1,2015
"B&E (Other)","Rural",0,2015
"B&E (Residence)","Rural",0,2015
"B&E Motor Vehicle Firearms","Rural",0,2015
"Commodification of Sexual Activity","Rural",0,2015
"Controlled Drugs","Rural",0,2015
"Crimes Against Property(2150-2166)","Rural",0,2015
"Dangerous Operation","Rural",1,2015
"Deprivation of Freedom","Rural",0,2015
"HWY Traffic Violation","Rural",8,2015
"Impaired Operation","Rural",4,2015
"Mischief","Rural",1,2015
"Municipal ByLaws","Rural",0,2015
"Offensive Weapons","Rural",0,2015
"Other Crminal Code Traffic","Rural",1,2015
"Other Federal Statute Violations","Rural",2,2015
"Other Theft Over","Rural",0,2015
"Other Theft Under","Rural",2,2015
"OtherCriminalCode (A)","Rural",3,2015
"OtherCriminalCode (B)","Rural",0,2015
"Prostitution","Rural",0,2015
"Provincial Statutes","Rural",2,2015
"Sexual Assault","Rural",0,2015
"Shoplift Over","Rural",0,2015
"Shoplift Under","Rural",0,2015
"Special Inq(8510-8640)","Rural",10,2015
"Special Inq(8660-8814)","Rural",42,2015
"Str Racing Offences","Rural",0,2015
"Theft From Auto Over","Rural",0,2015
"Theft From Auto Under","Rural",1,2015
"Theft of Motor Vehicle VA, VT","Rural",1,2015
"Theft of Other Vehicle VM, VO","Rural",0,2015
"Violation Causing Death","Rural",0,2015
"Violence/Threat","Rural",0,2015
"Total","Rural",82,2015
"Arson","Sherwood Estates",1,2015
"Assault","Sherwood Estates",19,2015
"Attempt Murder","Sherwood Estates",0,2015
"B&E (Business)","Sherwood Estates",0,2015
"B&E (Garage)","Sherwood Estates",6,2015
"B&E (Other)","Sherwood Estates",0,2015
"B&E (Residence)","Sherwood Estates",9,2015
"B&E Motor Vehicle Firearms","Sherwood Estates",0,2015
"Commodification of Sexual Activity","Sherwood Estates",0,2015
"Controlled Drugs","Sherwood Estates",1,2015
"Crimes Against Property(2150-2166)","Sherwood Estates",18,2015
"Dangerous Operation","Sherwood Estates",2,2015
"Deprivation of Freedom","Sherwood Estates",0,2015
"HWY Traffic Violation","Sherwood Estates",32,2015
"Impaired Operation","Sherwood Estates",5,2015
"Mischief","Sherwood Estates",36,2015
"Municipal ByLaws","Sherwood Estates",1,2015
"Offensive Weapons","Sherwood Estates",4,2015
"Other Crminal Code Traffic","Sherwood Estates",6,2015
"Other Federal Statute Violations","Sherwood Estates",2,2015
"Other Theft Over","Sherwood Estates",0,2015
"Other Theft Under","Sherwood Estates",8,2015
"OtherCriminalCode (A)","Sherwood Estates",17,2015
"OtherCriminalCode (B)","Sherwood Estates",1,2015
"Prostitution","Sherwood Estates",0,2015
"Provincial Statutes","Sherwood Estates",8,2015
"Sexual Assault","Sherwood Estates",1,2015
"Shoplift Over","Sherwood Estates",0,2015
"Shoplift Under","Sherwood Estates",0,2015
"Special Inq(8510-8640)","Sherwood Estates",181,2015
"Special Inq(8660-8814)","Sherwood Estates",67,2015
"Str Racing Offences","Sherwood Estates",0,2015
"Theft From Auto Over","Sherwood Estates",0,2015
"Theft From Auto Under","Sherwood Estates",24,2015
"Theft of Motor Vehicle VA, VT","Sherwood Estates",17,2015
"Theft of Other Vehicle VM, VO","Sherwood Estates",0,2015
"Violation Causing Death","Sherwood Estates",0,2015
"Violence/Threat","Sherwood Estates",5,2015
"Total","Sherwood Estates",471,2015
"Arson","Twin Lakes",1,2015
"Assault","Twin Lakes",23,2015
"Attempt Murder","Twin Lakes",0,2015
"B&E (Business)","Twin Lakes",2,2015
"B&E (Garage)","Twin Lakes",3,2015
"B&E (Other)","Twin Lakes",1,2015
"B&E (Residence)","Twin Lakes",16,2015
"B&E Motor Vehicle Firearms","Twin Lakes",0,2015
"Commodification of Sexual Activity","Twin Lakes",0,2015
"Controlled Drugs","Twin Lakes",5,2015
"Crimes Against Property(2150-2166)","Twin Lakes",34,2015
"Dangerous Operation","Twin Lakes",6,2015
"Deprivation of Freedom","Twin Lakes",1,2015
"HWY Traffic Violation","Twin Lakes",51,2015
"Impaired Operation","Twin Lakes",10,2015
"Mischief","Twin Lakes",47,2015
"Municipal ByLaws","Twin Lakes",3,2015
"Offensive Weapons","Twin Lakes",5,2015
"Other Crminal Code Traffic","Twin Lakes",4,2015
"Other Federal Statute Violations","Twin Lakes",0,2015
"Other Theft Over","Twin Lakes",2,2015
"Other Theft Under","Twin Lakes",58,2015
"OtherCriminalCode (A)","Twin Lakes",23,2015
"OtherCriminalCode (B)","Twin Lakes",2,2015
"Prostitution","Twin Lakes",0,2015
"Provincial Statutes","Twin Lakes",26,2015
"Sexual Assault","Twin Lakes",0,2015
"Shoplift Over","Twin Lakes",0,2015
"Shoplift Under","Twin Lakes",9,2015
"Special Inq(8510-8640)","Twin Lakes",170,2015
"Special Inq(8660-8814)","Twin Lakes",102,2015
"Str Racing Offences","Twin Lakes",0,2015
"Theft From Auto Over","Twin Lakes",0,2015
"Theft From Auto Under","Twin Lakes",56,2015
"Theft of Motor Vehicle VA, VT","Twin Lakes",16,2015
"Theft of Other Vehicle VM, VO","Twin Lakes",1,2015
"Violation Causing Death","Twin Lakes",0,2015
"Violence/Threat","Twin Lakes",8,2015
"Total","Twin Lakes",685,2015
"Arson","University Park",2,2015
"Assault","University Park",5,2015
"Attempt Murder","University Park",0,2015
"B&E (Business)","University Park",3,2015
"B&E (Garage)","University Park",1,2015
"B&E (Other)","University Park",5,2015
"B&E (Residence)","University Park",33,2015
"B&E Motor Vehicle Firearms","University Park",1,2015
"Commodification of Sexual Activity","University Park",0,2015
"Controlled Drugs","University Park",3,2015
"Crimes Against Property(2150-2166)","University Park",15,2015
"Dangerous Operation","University Park",4,2015
"Deprivation of Freedom","University Park",0,2015
"HWY Traffic Violation","University Park",17,2015
"Impaired Operation","University Park",6,2015
"Mischief","University Park",27,2015
"Municipal ByLaws","University Park",0,2015
"Offensive Weapons","University Park",3,2015
"Other Crminal Code Traffic","University Park",6,2015
"Other Federal Statute Violations","University Park",2,2015
"Other Theft Over","University Park",3,2015
"Other Theft Under","University Park",31,2015
"OtherCriminalCode (A)","University Park",12,2015
"OtherCriminalCode (B)","University Park",2,2015
"Prostitution","University Park",0,2015
"Provincial Statutes","University Park",11,2015
"Sexual Assault","University Park",2,2015
"Shoplift Over","University Park",0,2015
"Shoplift Under","University Park",0,2015
"Special Inq(8510-8640)","University Park",103,2015
"Special Inq(8660-8814)","University Park",78,2015
"Str Racing Offences","University Park",0,2015
"Theft From Auto Over","University Park",1,2015
"Theft From Auto Under","University Park",68,2015
"Theft of Motor Vehicle VA, VT","University Park",16,2015
"Theft of Other Vehicle VM, VO","University Park",0,2015
"Violation Causing Death","University Park",0,2015
"Violence/Threat","University Park",2,2015
"Total","University Park",462,2015
"Arson","Unverified Address",0,2015
"Assault","Unverified Address",52,2015
"Attempt Murder","Unverified Address",1,2015
"B&E (Business)","Unverified Address",1,2015
"B&E (Garage)","Unverified Address",8,2015
"B&E (Other)","Unverified Address",2,2015
"B&E (Residence)","Unverified Address",5,2015
"B&E Motor Vehicle Firearms","Unverified Address",1,2015
"Commodification of Sexual Activity","Unverified Address",0,2015
"Controlled Drugs","Unverified Address",13,2015
"Crimes Against Property(2150-2166)","Unverified Address",76,2015
"Dangerous Operation","Unverified Address",8,2015
"Deprivation of Freedom","Unverified Address",1,2015
"HWY Traffic Violation","Unverified Address",296,2015
"Impaired Operation","Unverified Address",14,2015
"Mischief","Unverified Address",109,2015
"Municipal ByLaws","Unverified Address",42,2015
"Offensive Weapons","Unverified Address",5,2015
"Other Crminal Code Traffic","Unverified Address",15,2015
"Other Federal Statute Violations","Unverified Address",1,2015
"Other Theft Over","Unverified Address",1,2015
"Other Theft Under","Unverified Address",67,2015
"OtherCriminalCode (A)","Unverified Address",63,2015
"OtherCriminalCode (B)","Unverified Address",15,2015
"Prostitution","Unverified Address",0,2015
"Provincial Statutes","Unverified Address",68,2015
"Sexual Assault","Unverified Address",25,2015
"Shoplift Over","Unverified Address",0,2015
"Shoplift Under","Unverified Address",3,2015
"Special Inq(8510-8640)","Unverified Address",1607,2015
"Special Inq(8660-8814)","Unverified Address",290,2015
"Str Racing Offences","Unverified Address",0,2015
"Theft From Auto Over","Unverified Address",0,2015
"Theft From Auto Under","Unverified Address",122,2015
"Theft of Motor Vehicle VA, VT","Unverified Address",16,2015
"Theft of Other Vehicle VM, VO","Unverified Address",1,2015
"Violation Causing Death","Unverified Address",1,2015
"Violence/Threat","Unverified Address",13,2015
"Total","Unverified Address",2942,2015
"Arson","Uplands",0,2015
"Assault","Uplands",22,2015
"Attempt Murder","Uplands",0,2015
"B&E (Business)","Uplands",0,2015
"B&E (Garage)","Uplands",12,2015
"B&E (Other)","Uplands",0,2015
"B&E (Residence)","Uplands",8,2015
"B&E Motor Vehicle Firearms","Uplands",0,2015
"Commodification of Sexual Activity","Uplands",0,2015
"Controlled Drugs","Uplands",5,2015
"Crimes Against Property(2150-2166)","Uplands",7,2015
"Dangerous Operation","Uplands",1,2015
"Deprivation of Freedom","Uplands",0,2015
"HWY Traffic Violation","Uplands",21,2015
"Impaired Operation","Uplands",7,2015
"Mischief","Uplands",30,2015
"Municipal ByLaws","Uplands",2,2015
"Offensive Weapons","Uplands",4,2015
"Other Crminal Code Traffic","Uplands",4,2015
"Other Federal Statute Violations","Uplands",0,2015
"Other Theft Over","Uplands",0,2015
"Other Theft Under","Uplands",17,2015
"OtherCriminalCode (A)","Uplands",14,2015
"OtherCriminalCode (B)","Uplands",2,2015
"Prostitution","Uplands",0,2015
"Provincial Statutes","Uplands",11,2015
"Sexual Assault","Uplands",1,2015
"Shoplift Over","Uplands",0,2015
"Shoplift Under","Uplands",1,2015
"Special Inq(8510-8640)","Uplands",119,2015
"Special Inq(8660-8814)","Uplands",62,2015
"Str Racing Offences","Uplands",0,2015
"Theft From Auto Over","Uplands",0,2015
"Theft From Auto Under","Uplands",53,2015
"Theft of Motor Vehicle VA, VT","Uplands",15,2015
"Theft of Other Vehicle VM, VO","Uplands",0,2015
"Violation Causing Death","Uplands",0,2015
"Violence/Threat","Uplands",7,2015
"Total","Uplands",425,2015
"Arson","Walsh Acres",2,2015
"Assault","Walsh Acres",27,2015
"Attempt Murder","Walsh Acres",0,2015
"B&E (Business)","Walsh Acres",4,2015
"B&E (Garage)","Walsh Acres",11,2015
"B&E (Other)","Walsh Acres",1,2015
"B&E (Residence)","Walsh Acres",20,2015
"B&E Motor Vehicle Firearms","Walsh Acres",0,2015
"Commodification of Sexual Activity","Walsh Acres",0,2015
"Controlled Drugs","Walsh Acres",9,2015
"Crimes Against Property(2150-2166)","Walsh Acres",40,2015
"Dangerous Operation","Walsh Acres",1,2015
"Deprivation of Freedom","Walsh Acres",0,2015
"HWY Traffic Violation","Walsh Acres",117,2015
"Impaired Operation","Walsh Acres",18,2015
"Mischief","Walsh Acres",85,2015
"Municipal ByLaws","Walsh Acres",5,2015
"Offensive Weapons","Walsh Acres",9,2015
"Other Crminal Code Traffic","Walsh Acres",6,2015
"Other Federal Statute Violations","Walsh Acres",2,2015
"Other Theft Over","Walsh Acres",0,2015
"Other Theft Under","Walsh Acres",31,2015
"OtherCriminalCode (A)","Walsh Acres",36,2015
"OtherCriminalCode (B)","Walsh Acres",6,2015
"Prostitution","Walsh Acres",0,2015
"Provincial Statutes","Walsh Acres",15,2015
"Sexual Assault","Walsh Acres",2,2015
"Shoplift Over","Walsh Acres",0,2015
"Shoplift Under","Walsh Acres",57,2015
"Special Inq(8510-8640)","Walsh Acres",272,2015
"Special Inq(8660-8814)","Walsh Acres",154,2015
"Str Racing Offences","Walsh Acres",0,2015
"Theft From Auto Over","Walsh Acres",1,2015
"Theft From Auto Under","Walsh Acres",89,2015
"Theft of Motor Vehicle VA, VT","Walsh Acres",29,2015
"Theft of Other Vehicle VM, VO","Walsh Acres",2,2015
"Violation Causing Death","Walsh Acres",0,2015
"Violence/Threat","Walsh Acres",11,2015
"Total","Walsh Acres",1062,2015
"Arson","Warehouse District",0,2015
"Assault","Warehouse District",30,2015
"Attempt Murder","Warehouse District",0,2015
"B&E (Business)","Warehouse District",11,2015
"B&E (Garage)","Warehouse District",0,2015
"B&E (Other)","Warehouse District",12,2015
"B&E (Residence)","Warehouse District",1,2015
"B&E Motor Vehicle Firearms","Warehouse District",0,2015
"Commodification of Sexual Activity","Warehouse District",0,2015
"Controlled Drugs","Warehouse District",5,2015
"Crimes Against Property(2150-2166)","Warehouse District",31,2015
"Dangerous Operation","Warehouse District",13,2015
"Deprivation of Freedom","Warehouse District",0,2015
"HWY Traffic Violation","Warehouse District",118,2015
"Impaired Operation","Warehouse District",31,2015
"Mischief","Warehouse District",47,2015
"Municipal ByLaws","Warehouse District",1,2015
"Offensive Weapons","Warehouse District",11,2015
"Other Crminal Code Traffic","Warehouse District",10,2015
"Other Federal Statute Violations","Warehouse District",2,2015
"Other Theft Over","Warehouse District",2,2015
"Other Theft Under","Warehouse District",31,2015
"OtherCriminalCode (A)","Warehouse District",62,2015
"OtherCriminalCode (B)","Warehouse District",2,2015
"Prostitution","Warehouse District",0,2015
"Provincial Statutes","Warehouse District",37,2015
"Sexual Assault","Warehouse District",1,2015
"Shoplift Over","Warehouse District",0,2015
"Shoplift Under","Warehouse District",70,2015
"Special Inq(8510-8640)","Warehouse District",109,2015
"Special Inq(8660-8814)","Warehouse District",213,2015
"Str Racing Offences","Warehouse District",0,2015
"Theft From Auto Over","Warehouse District",1,2015
"Theft From Auto Under","Warehouse District",58,2015
"Theft of Motor Vehicle VA, VT","Warehouse District",23,2015
"Theft of Other Vehicle VM, VO","Warehouse District",1,2015
"Violation Causing Death","Warehouse District",0,2015
"Violence/Threat","Warehouse District",5,2015
"Total","Warehouse District",938,2015
"Arson","Wascana Park",0,2015
"Assault","Wascana Park",21,2015
"Attempt Murder","Wascana Park",0,2015
"B&E (Business)","Wascana Park",1,2015
"B&E (Garage)","Wascana Park",1,2015
"B&E (Other)","Wascana Park",4,2015
"B&E (Residence)","Wascana Park",0,2015
"B&E Motor Vehicle Firearms","Wascana Park",0,2015
"Commodification of Sexual Activity","Wascana Park",0,2015
"Controlled Drugs","Wascana Park",13,2015
"Crimes Against Property(2150-2166)","Wascana Park",12,2015
"Dangerous Operation","Wascana Park",3,2015
"Deprivation of Freedom","Wascana Park",0,2015
"HWY Traffic Violation","Wascana Park",74,2015
"Impaired Operation","Wascana Park",17,2015
"Mischief","Wascana Park",72,2015
"Municipal ByLaws","Wascana Park",2,2015
"Offensive Weapons","Wascana Park",3,2015
"Other Crminal Code Traffic","Wascana Park",8,2015
"Other Federal Statute Violations","Wascana Park",0,2015
"Other Theft Over","Wascana Park",1,2015
"Other Theft Under","Wascana Park",20,2015
"OtherCriminalCode (A)","Wascana Park",23,2015
"OtherCriminalCode (B)","Wascana Park",0,2015
"Prostitution","Wascana Park",0,2015
"Provincial Statutes","Wascana Park",26,2015
"Sexual Assault","Wascana Park",3,2015
"Shoplift Over","Wascana Park",0,2015
"Shoplift Under","Wascana Park",1,2015
"Special Inq(8510-8640)","Wascana Park",144,2015
"Special Inq(8660-8814)","Wascana Park",127,2015
"Str Racing Offences","Wascana Park",0,2015
"Theft From Auto Over","Wascana Park",0,2015
"Theft From Auto Under","Wascana Park",29,2015
"Theft of Motor Vehicle VA, VT","Wascana Park",3,2015
"Theft of Other Vehicle VM, VO","Wascana Park",0,2015
"Violation Causing Death","Wascana Park",0,2015
"Violence/Threat","Wascana Park",3,2015
"Total","Wascana Park",611,2015
"Arson","Whitmore Park",0,2015
"Assault","Whitmore Park",8,2015
"Attempt Murder","Whitmore Park",0,2015
"B&E (Business)","Whitmore Park",0,2015
"B&E (Garage)","Whitmore Park",2,2015
"B&E (Other)","Whitmore Park",1,2015
"B&E (Residence)","Whitmore Park",7,2015
"B&E Motor Vehicle Firearms","Whitmore Park",0,2015
"Commodification of Sexual Activity","Whitmore Park",0,2015
"Controlled Drugs","Whitmore Park",1,2015
"Crimes Against Property(2150-2166)","Whitmore Park",7,2015
"Dangerous Operation","Whitmore Park",0,2015
"Deprivation of Freedom","Whitmore Park",0,2015
"HWY Traffic Violation","Whitmore Park",20,2015
"Impaired Operation","Whitmore Park",3,2015
"Mischief","Whitmore Park",24,2015
"Municipal ByLaws","Whitmore Park",2,2015
"Offensive Weapons","Whitmore Park",0,2015
"Other Crminal Code Traffic","Whitmore Park",1,2015
"Other Federal Statute Violations","Whitmore Park",1,2015
"Other Theft Over","Whitmore Park",2,2015
"Other Theft Under","Whitmore Park",6,2015
"OtherCriminalCode (A)","Whitmore Park",9,2015
"OtherCriminalCode (B)","Whitmore Park",0,2015
"Prostitution","Whitmore Park",0,2015
"Provincial Statutes","Whitmore Park",6,2015
"Sexual Assault","Whitmore Park",0,2015
"Shoplift Over","Whitmore Park",0,2015
"Shoplift Under","Whitmore Park",0,2015
"Special Inq(8510-8640)","Whitmore Park",69,2015
"Special Inq(8660-8814)","Whitmore Park",46,2015
"Str Racing Offences","Whitmore Park",0,2015
"Theft From Auto Over","Whitmore Park",0,2015
"Theft From Auto Under","Whitmore Park",25,2015
"Theft of Motor Vehicle VA, VT","Whitmore Park",9,2015
"Theft of Other Vehicle VM, VO","Whitmore Park",0,2015
"Violation Causing Death","Whitmore Park",0,2015
"Violence/Threat","Whitmore Park",4,2015
"Total","Whitmore Park",253,2015
"Arson","Total",104,2015
"Assault","Total",1690,2015
"Attempt Murder","Total",10,2015
"B&E (Business)","Total",182,2015
"B&E (Garage)","Total",532,2015
"B&E (Other)","Total",177,2015
"B&E (Residence)","Total",747,2015
"B&E Motor Vehicle Firearms","Total",11,2015
"Commodification of Sexual Activity","Total",3,2015
"Controlled Drugs","Total",559,2015
"Crimes Against Property(2150-2166)","Total",1162,2015
"Dangerous Operation","Total",306,2015
"Deprivation of Freedom","Total",24,2015
"HWY Traffic Violation","Total",4122,2015
"Impaired Operation","Total",761,2015
"Mischief","Total",2896,2015
"Municipal ByLaws","Total",175,2015
"Offensive Weapons","Total",457,2015
"Other Crminal Code Traffic","Total",381,2015
"Other Federal Statute Violations","Total",395,2015
"Other Theft Over","Total",46,2015
"Other Theft Under","Total",1825,2015
"OtherCriminalCode (A)","Total",5842,2015
"OtherCriminalCode (B)","Total",270,2015
"Prostitution","Total",35,2015
"Provincial Statutes","Total",3176,2015
"Sexual Assault","Total",156,2015
"Shoplift Over","Total",1,2015
"Shoplift Under","Total",1157,2015
"Special Inq(8510-8640)","Total",12515,2015
"Special Inq(8660-8814)","Total",7125,2015
"Str Racing Offences","Total",0,2015
"Theft From Auto Over","Total",17,2015
"Theft From Auto Under","Total",2153,2015
"Theft of Motor Vehicle VA, VT","Total",963,2015
"Theft of Other Vehicle VM, VO","Total",40,2015
"Violation Causing Death","Total",11,2015
"Violence/Threat","Total",503,2015
"Total","Total",50529,2015
